{"cameraMode":{"drawMode":0,"name":"Shaded","section":"Shading Mode"},"sceneLighting":false,"audioPlay":false,"sceneViewState":{"m_AlwaysRefresh":false,"showFog":true,"showSkybox":false,"showFlares":true,"showImageEffects":true,"showParticleSystems":true,"showVisualEffectGraphs":true,"m_FxEnabled":true},"in2DMode":false,"pivot":{"x":-0.09700000286102295,"y":1.0190000534057618,"z":-0.5386071801185608},"rotation":{"x":0.3163553476333618,"y":-0.4543240964412689,"z":0.17683091759681703,"w":0.8139567971229553},"size":0.17623110115528108,"orthographic":false}