{"cameraMode":{"drawMode":0,"name":"Shaded","section":"Shading Mode"},"sceneLighting":false,"audioPlay":false,"sceneViewState":{"m_AlwaysRefresh":false,"showFog":true,"showSkybox":false,"showFlares":true,"showImageEffects":true,"showParticleSystems":true,"showVisualEffectGraphs":true,"m_FxEnabled":true},"in2DMode":false,"pivot":{"x":-0.2845878005027771,"y":2.3462564945220949,"z":-0.8037703037261963},"rotation":{"x":0.019147126004099847,"y":0.9570426344871521,"z":-0.2819545865058899,"w":0.06530321389436722},"size":3.6084296703338625,"orthographic":false}