{"cameraMode":{"drawMode":0,"name":"Shaded","section":"Shading Mode"},"sceneLighting":false,"audioPlay":false,"sceneViewState":{"m_AlwaysRefresh":false,"showFog":true,"showSkybox":false,"showFlares":true,"showImageEffects":true,"showParticleSystems":true,"showVisualEffectGraphs":true,"m_FxEnabled":true},"in2DMode":false,"pivot":{"x":-0.03691244125366211,"y":4.184241771697998,"z":-0.007511615753173828},"rotation":{"x":0.060728710144758227,"y":0.7233144640922546,"z":-0.06421937048435211,"w":0.6848812699317932},"size":4.844156742095947,"orthographic":false}