{"cameraMode":{"drawMode":0,"name":"Shaded","section":"Shading Mode"},"sceneLighting":true,"audioPlay":false,"sceneViewState":{"m_AlwaysRefresh":false,"showFog":true,"showSkybox":true,"showFlares":true,"showImageEffects":true,"showParticleSystems":true,"showVisualEffectGraphs":true,"m_FxEnabled":true},"in2DMode":false,"pivot":{"x":-0.22994841635227204,"y":1.0218425989151,"z":8.253412246704102},"rotation":{"x":0.07450579851865769,"y":-0.10600084066390991,"z":0.007963466458022595,"w":0.9915417432785034},"size":6.649533748626709,"orthographic":false}