{"cameraMode":{"drawMode":0,"name":"Shaded","section":"Shading Mode"},"sceneLighting":true,"audioPlay":false,"sceneViewState":{"m_AlwaysRefresh":false,"showFog":true,"showSkybox":true,"showFlares":true,"showImageEffects":true,"showParticleSystems":true,"showVisualEffectGraphs":true,"m_FxEnabled":true},"in2DMode":false,"pivot":{"x":19.817508697509767,"y":-1.2890570163726807,"z":6.788294792175293},"rotation":{"x":0.12546318769454957,"y":0.05651708319783211,"z":-0.007158016320317984,"w":0.9904648661613464},"size":6.276788711547852,"orthographic":false}