{"cameraMode":{"drawMode":0,"name":"Shaded","section":"Shading Mode"},"sceneLighting":true,"audioPlay":false,"sceneViewState":{"m_AlwaysRefresh":false,"showFog":true,"showSkybox":true,"showFlares":true,"showImageEffects":true,"showParticleSystems":true,"showVisualEffectGraphs":true,"m_FxEnabled":true},"in2DMode":false,"pivot":{"x":2.8409149646759035,"y":2.349515438079834,"z":-3.61309552192688},"rotation":{"x":0.20686471462249757,"y":-0.5041465163230896,"z":0.12574061751365663,"w":0.8290547728538513},"size":0.019487138837575914,"orthographic":false}