{"cameraMode":{"drawMode":0,"name":"Shaded","section":"Shading Mode"},"sceneLighting":true,"audioPlay":false,"sceneViewState":{"m_AlwaysRefresh":false,"showFog":true,"showSkybox":true,"showFlares":true,"showImageEffects":true,"showParticleSystems":true,"showVisualEffectGraphs":true,"m_FxEnabled":true},"in2DMode":false,"pivot":{"x":-0.35108843445777895,"y":1.7194619178771973,"z":-2.47826886177063},"rotation":{"x":0.2336612045764923,"y":-0.5506007671356201,"z":0.16400589048862458,"w":0.7844422459602356},"size":0.34641018509864809,"orthographic":false}