{"cameraMode":{"drawMode":0,"name":"Shaded","section":"Shading Mode"},"sceneLighting":true,"audioPlay":false,"sceneViewState":{"m_AlwaysRefresh":false,"showFog":true,"showSkybox":true,"showFlares":true,"showImageEffects":true,"showParticleSystems":true,"showVisualEffectGraphs":true,"m_FxEnabled":true},"in2DMode":false,"pivot":{"x":1.3501394987106324,"y":1.7085347175598145,"z":-2.656299352645874},"rotation":{"x":-0.11026433855295181,"y":-0.35815471410751345,"z":-0.04264361411333084,"w":0.926150381565094},"size":0.5100114941596985,"orthographic":false}