{"cameraMode":{"drawMode":0,"name":"Shaded","section":"Shading Mode"},"sceneLighting":true,"audioPlay":false,"sceneViewState":{"m_AlwaysRefresh":false,"showFog":true,"showSkybox":true,"showFlares":true,"showImageEffects":true,"showParticleSystems":true,"showVisualEffectGraphs":true,"m_FxEnabled":true},"in2DMode":false,"pivot":{"x":4.45574951171875,"y":6.291380882263184,"z":-12.306473731994629},"rotation":{"x":0.15022669732570649,"y":-0.25205034017562868,"z":0.039640650153160098,"w":0.9551633596420288},"size":0.34641018509864809,"orthographic":false}