{"cameraMode":{"drawMode":0,"name":"Shaded","section":"Shading Mode"},"sceneLighting":true,"audioPlay":false,"sceneViewState":{"m_AlwaysRefresh":false,"showFog":true,"showSkybox":true,"showFlares":true,"showImageEffects":true,"showParticleSystems":true,"showVisualEffectGraphs":true,"m_FxEnabled":true},"in2DMode":false,"pivot":{"x":-2.035947799682617,"y":3.240722417831421,"z":-3.849508762359619},"rotation":{"x":-0.3570003807544708,"y":-0.08101261407136917,"z":0.03107760101556778,"w":-0.9301285147666931},"size":0.006629249546676874,"orthographic":false}