{"cameraMode":{"drawMode":0,"name":"Shaded","section":"Shading Mode"},"sceneLighting":true,"audioPlay":false,"sceneViewState":{"m_AlwaysRefresh":false,"showFog":true,"showSkybox":true,"showFlares":true,"showImageEffects":true,"showParticleSystems":true,"showVisualEffectGraphs":true,"m_FxEnabled":true},"in2DMode":false,"pivot":{"x":6.644637107849121,"y":-0.22088885307312013,"z":-1.5030395984649659},"rotation":{"x":0.06658593565225601,"y":-0.5871451497077942,"z":0.04855102673172951,"w":0.8052840232849121},"size":6.276788711547852,"orthographic":false}