{"cameraMode":{"drawMode":0,"name":"Shaded","section":"Shading Mode"},"sceneLighting":false,"audioPlay":false,"sceneViewState":{"m_AlwaysRefresh":false,"showFog":true,"showSkybox":false,"showFlares":true,"showImageEffects":true,"showParticleSystems":true,"showVisualEffectGraphs":true,"m_FxEnabled":true},"in2DMode":false,"pivot":{"x":0.000006616115570068359,"y":1.4700016975402833,"z":-1.1099998950958253},"rotation":{"x":-0.2736520767211914,"y":-0.30455613136291506,"z":0.09181540459394455,"w":-0.907709538936615},"size":2.202913999557495,"orthographic":false}