{"cameraMode":{"drawMode":0,"name":"Shaded","section":"Shading Mode"},"sceneLighting":false,"audioPlay":false,"sceneViewState":{"m_AlwaysRefresh":false,"showFog":true,"showSkybox":false,"showFlares":true,"showImageEffects":true,"showParticleSystems":true,"showVisualEffectGraphs":true,"m_FxEnabled":true},"in2DMode":false,"pivot":{"x":-0.16506019234657288,"y":0.26164528727531435,"z":0.4329790771007538},"rotation":{"x":0.1674647182226181,"y":-0.7236782312393189,"z":0.18864227831363679,"w":0.642423152923584},"size":0.36196523904800417,"orthographic":false}