{"cameraMode":{"drawMode":0,"name":"Shaded","section":"Shading Mode"},"sceneLighting":true,"audioPlay":false,"sceneViewState":{"m_AlwaysRefresh":false,"showFog":true,"showSkybox":true,"showFlares":true,"showImageEffects":true,"showParticleSystems":true,"showVisualEffectGraphs":true,"m_FxEnabled":true},"in2DMode":false,"pivot":{"x":-0.5526425838470459,"y":9.541326522827149,"z":-1.8978586196899415},"rotation":{"x":0.3550124764442444,"y":0.4259488582611084,"z":-0.18647471070289613,"w":0.8110711574554443},"size":0.34641021490097048,"orthographic":false}